timestamp,node,cpu_pct,cpu_pods,mem_pct,mem_pods,io_read_bytes_per_sec,io_write_bytes_per_sec,io_pods
1786049765.0387907,node-2,0.28,"{kubernetes-metrics-scraper-55bc8b9b54-m4zhb"": 0.0",0.52,"{kubernetes-metrics-scraper-55bc8b9b54-m4zhb"": {""bytes"": 13381632.0",0.0,972.29,"{kubernetes-metrics-scraper-55bc8b9b54-m4zhb"": {""read_bytes_per_sec"": 0.0"
1786049765.3230083,node-0,0.31,"{speaker-kxvm6"": 0.03",0.51,"{speaker-kxvm6"": {""bytes"": 29736960.0",0.0,0.0,"{calico-node-c6csm"": {""read_bytes_per_sec"": 0.0"
1786049765.5151236,node-1,0.9,"{prometheus-prometheus-node-exporter-l65bs"": 0.02",0.79,"{prometheus-prometheus-node-exporter-l65bs"": {""bytes"": 17031168.0",0.0,57306.55,"{calico-node-jp6xs"": {""read_bytes_per_sec"": 0.0"
1786049766.0440817,node-2,0.28,"{kubernetes-metrics-scraper-55bc8b9b54-m4zhb"": 0.0",0.52,"{kubernetes-metrics-scraper-55bc8b9b54-m4zhb"": {""bytes"": 13381632.0",0.0,972.29,"{kubernetes-metrics-scraper-55bc8b9b54-m4zhb"": {""read_bytes_per_sec"": 0.0"
1786049766.3276608,node-0,0.31,"{speaker-kxvm6"": 0.03",0.51,"{speaker-kxvm6"": {""bytes"": 29736960.0",0.0,0.0,"{calico-node-c6csm"": {""read_bytes_per_sec"": 0.0"
1786049766.5196435,node-1,0.9,"{prometheus-prometheus-node-exporter-l65bs"": 0.02",0.79,"{prometheus-prometheus-node-exporter-l65bs"": {""bytes"": 17031168.0",0.0,57306.55,"{calico-node-jp6xs"": {""read_bytes_per_sec"": 0.0"
1786049767.0491345,node-2,0.28,"{kubernetes-metrics-scraper-55bc8b9b54-m4zhb"": 0.0",0.52,"{kubernetes-metrics-scraper-55bc8b9b54-m4zhb"": {""bytes"": 13381632.0",0.0,972.29,"{kubernetes-metrics-scraper-55bc8b9b54-m4zhb"": {""read_bytes_per_sec"": 0.0"
1786049767.331676,node-0,0.35,"{speaker-kxvm6"": 0.03",0.51,"{speaker-kxvm6"": {""bytes"": 29593600.0",0.0,0.0,"{calico-node-c6csm"": {""read_bytes_per_sec"": 0.0"
1786049767.524294,node-1,0.9,"{prometheus-prometheus-node-exporter-l65bs"": 0.02",0.79,"{prometheus-prometheus-node-exporter-l65bs"": {""bytes"": 17031168.0",0.0,57306.55,"{calico-node-jp6xs"": {""read_bytes_per_sec"": 0.0"
1786049768.054292,node-2,0.28,"{kubernetes-metrics-scraper-55bc8b9b54-m4zhb"": 0.0",0.52,"{kubernetes-metrics-scraper-55bc8b9b54-m4zhb"": {""bytes"": 13381632.0",0.0,972.29,"{kubernetes-metrics-scraper-55bc8b9b54-m4zhb"": {""read_bytes_per_sec"": 0.0"
1786049768.3359554,node-0,0.35,"{speaker-kxvm6"": 0.03",0.51,"{speaker-kxvm6"": {""bytes"": 29593600.0",0.0,0.0,"{calico-node-c6csm"": {""read_bytes_per_sec"": 0.0"
1786049768.5290475,node-1,0.9,"{prometheus-prometheus-node-exporter-l65bs"": 0.02",0.79,"{prometheus-prometheus-node-exporter-l65bs"": {""bytes"": 17031168.0",0.0,57306.55,"{calico-node-jp6xs"": {""read_bytes_per_sec"": 0.0"
1786049769.0593626,node-2,0.26,"{kubernetes-metrics-scraper-55bc8b9b54-m4zhb"": 0.0",0.52,"{kubernetes-metrics-scraper-55bc8b9b54-m4zhb"": {""bytes"": 13381632.0",0.0,12020.77,"{kubernetes-metrics-scraper-55bc8b9b54-m4zhb"": {""read_bytes_per_sec"": 0.0"
1786049769.3402114,node-0,0.35,"{speaker-kxvm6"": 0.03",0.51,"{speaker-kxvm6"": {""bytes"": 29593600.0",0.0,0.0,"{calico-node-c6csm"": {""read_bytes_per_sec"": 0.0"
1786049769.5338128,node-1,0.54,"{prometheus-prometheus-node-exporter-l65bs"": 0.0",0.79,"{prometheus-prometheus-node-exporter-l65bs"": {""bytes"": 17027072.0",0.0,5421.36,"{calico-node-jp6xs"": {""read_bytes_per_sec"": 0.0"
1786049770.0641763,node-2,0.26,"{kubernetes-metrics-scraper-55bc8b9b54-m4zhb"": 0.0",0.52,"{kubernetes-metrics-scraper-55bc8b9b54-m4zhb"": {""bytes"": 13381632.0",0.0,12020.77,"{kubernetes-metrics-scraper-55bc8b9b54-m4zhb"": {""read_bytes_per_sec"": 0.0"
1786049770.34398,node-0,0.35,"{speaker-kxvm6"": 0.03",0.51,"{speaker-kxvm6"": {""bytes"": 29593600.0",0.0,0.0,"{calico-node-c6csm"": {""read_bytes_per_sec"": 0.0"
1786049770.5395892,node-1,0.54,"{prometheus-prometheus-node-exporter-l65bs"": 0.0",0.79,"{prometheus-prometheus-node-exporter-l65bs"": {""bytes"": 17027072.0",0.0,5421.36,"{calico-node-jp6xs"": {""read_bytes_per_sec"": 0.0"
1786049771.0769703,node-2,0.26,"{kubernetes-metrics-scraper-55bc8b9b54-m4zhb"": 0.0",0.52,"{kubernetes-metrics-scraper-55bc8b9b54-m4zhb"": {""bytes"": 13381632.0",0.0,12020.77,"{kubernetes-metrics-scraper-55bc8b9b54-m4zhb"": {""read_bytes_per_sec"": 0.0"
1786049771.348533,node-0,0.35,"{speaker-kxvm6"": 0.03",0.51,"{speaker-kxvm6"": {""bytes"": 29593600.0",0.0,0.0,"{calico-node-c6csm"": {""read_bytes_per_sec"": 0.0"
1786049771.5444503,node-1,0.54,"{prometheus-prometheus-node-exporter-l65bs"": 0.0",0.79,"{prometheus-prometheus-node-exporter-l65bs"": {""bytes"": 17027072.0",0.0,5421.36,"{calico-node-jp6xs"": {""read_bytes_per_sec"": 0.0"
1786049772.08301,node-2,0.26,"{kubernetes-metrics-scraper-55bc8b9b54-m4zhb"": 0.0",0.52,"{kubernetes-metrics-scraper-55bc8b9b54-m4zhb"": {""bytes"": 13381632.0",0.0,12020.77,"{kubernetes-metrics-scraper-55bc8b9b54-m4zhb"": {""read_bytes_per_sec"": 0.0"
1786049772.352381,node-0,0.35,"{speaker-kxvm6"": 0.03",0.51,"{speaker-kxvm6"": {""bytes"": 29593600.0",0.0,0.0,"{calico-node-c6csm"": {""read_bytes_per_sec"": 0.0"
1786049772.549243,node-1,0.54,"{prometheus-prometheus-node-exporter-l65bs"": 0.0",0.79,"{prometheus-prometheus-node-exporter-l65bs"": {""bytes"": 17027072.0",0.0,5421.36,"{calico-node-jp6xs"": {""read_bytes_per_sec"": 0.0"
1786049773.0881014,node-2,0.26,"{kubernetes-metrics-scraper-55bc8b9b54-m4zhb"": 0.0",0.52,"{kubernetes-metrics-scraper-55bc8b9b54-m4zhb"": {""bytes"": 13381632.0",0.0,12020.77,"{kubernetes-metrics-scraper-55bc8b9b54-m4zhb"": {""read_bytes_per_sec"": 0.0"
1786049773.3564487,node-0,0.35,"{speaker-kxvm6"": 0.03",0.51,"{speaker-kxvm6"": {""bytes"": 29593600.0",0.0,0.0,"{calico-node-c6csm"": {""read_bytes_per_sec"": 0.0"
1786049773.5532367,node-1,0.54,"{prometheus-prometheus-node-exporter-l65bs"": 0.0",0.79,"{prometheus-prometheus-node-exporter-l65bs"": {""bytes"": 17027072.0",0.0,5421.36,"{calico-node-jp6xs"": {""read_bytes_per_sec"": 0.0"
1786049774.0930629,node-2,0.26,"{kubernetes-metrics-scraper-55bc8b9b54-m4zhb"": 0.0",0.52,"{kubernetes-metrics-scraper-55bc8b9b54-m4zhb"": {""bytes"": 13381632.0",0.0,12020.77,"{kubernetes-metrics-scraper-55bc8b9b54-m4zhb"": {""read_bytes_per_sec"": 0.0"
1786049774.3606734,node-0,0.35,"{speaker-kxvm6"": 0.03",0.51,"{speaker-kxvm6"": {""bytes"": 29593600.0",0.0,0.0,"{calico-node-c6csm"": {""read_bytes_per_sec"": 0.0"
1786049774.558222,node-1,0.54,"{prometheus-prometheus-node-exporter-l65bs"": 0.0",0.79,"{prometheus-prometheus-node-exporter-l65bs"": {""bytes"": 17027072.0",0.0,5421.36,"{calico-node-jp6xs"": {""read_bytes_per_sec"": 0.0"
1786049775.0977488,node-2,0.26,"{kubernetes-metrics-scraper-55bc8b9b54-m4zhb"": 0.0",0.52,"{kubernetes-metrics-scraper-55bc8b9b54-m4zhb"": {""bytes"": 13381632.0",0.0,12020.77,"{kubernetes-metrics-scraper-55bc8b9b54-m4zhb"": {""read_bytes_per_sec"": 0.0"
1786049775.365144,node-0,0.35,"{speaker-kxvm6"": 0.03",0.51,"{speaker-kxvm6"": {""bytes"": 29593600.0",0.0,0.0,"{calico-node-c6csm"": {""read_bytes_per_sec"": 0.0"
1786049775.5626516,node-1,0.54,"{prometheus-prometheus-node-exporter-l65bs"": 0.0",0.79,"{prometheus-prometheus-node-exporter-l65bs"": {""bytes"": 17027072.0",0.0,5421.36,"{calico-node-jp6xs"": {""read_bytes_per_sec"": 0.0"
1786049776.1028676,node-2,0.26,"{kubernetes-metrics-scraper-55bc8b9b54-m4zhb"": 0.0",0.52,"{kubernetes-metrics-scraper-55bc8b9b54-m4zhb"": {""bytes"": 13381632.0",0.0,12020.77,"{kubernetes-metrics-scraper-55bc8b9b54-m4zhb"": {""read_bytes_per_sec"": 0.0"
1786049776.3695388,node-0,0.35,"{speaker-kxvm6"": 0.03",0.51,"{speaker-kxvm6"": {""bytes"": 29593600.0",0.0,0.0,"{calico-node-c6csm"": {""read_bytes_per_sec"": 0.0"
1786049776.5670607,node-1,0.54,"{prometheus-prometheus-node-exporter-l65bs"": 0.0",0.79,"{prometheus-prometheus-node-exporter-l65bs"": {""bytes"": 17027072.0",0.0,5421.36,"{calico-node-jp6xs"": {""read_bytes_per_sec"": 0.0"
1786049777.1077433,node-2,0.26,"{kubernetes-metrics-scraper-55bc8b9b54-m4zhb"": 0.0",0.52,"{kubernetes-metrics-scraper-55bc8b9b54-m4zhb"": {""bytes"": 13381632.0",0.0,12020.77,"{kubernetes-metrics-scraper-55bc8b9b54-m4zhb"": {""read_bytes_per_sec"": 0.0"
1786049777.3731446,node-0,0.37,"{speaker-kxvm6"": 0.03",0.5,"{speaker-kxvm6"": {""bytes"": 29581312.0",0.0,0.0,"{calico-node-c6csm"": {""read_bytes_per_sec"": 0.0"
1786049777.5715125,node-1,0.54,"{prometheus-prometheus-node-exporter-l65bs"": 0.0",0.79,"{prometheus-prometheus-node-exporter-l65bs"": {""bytes"": 17027072.0",0.0,5421.36,"{calico-node-jp6xs"": {""read_bytes_per_sec"": 0.0"
1786049778.1127963,node-2,0.26,"{kubernetes-metrics-scraper-55bc8b9b54-m4zhb"": 0.0",0.52,"{kubernetes-metrics-scraper-55bc8b9b54-m4zhb"": {""bytes"": 13381632.0",0.0,12020.77,"{kubernetes-metrics-scraper-55bc8b9b54-m4zhb"": {""read_bytes_per_sec"": 0.0"
1786049778.3776112,node-0,0.37,"{speaker-kxvm6"": 0.03",0.5,"{speaker-kxvm6"": {""bytes"": 29581312.0",0.0,0.0,"{calico-node-c6csm"": {""read_bytes_per_sec"": 0.0"
1786049778.5772243,node-1,0.54,"{prometheus-prometheus-node-exporter-l65bs"": 0.0",0.79,"{prometheus-prometheus-node-exporter-l65bs"": {""bytes"": 17027072.0",0.0,5421.36,"{calico-node-jp6xs"": {""read_bytes_per_sec"": 0.0"
1786049779.1185808,node-2,0.21,"{kubernetes-metrics-scraper-55bc8b9b54-m4zhb"": 0.0",0.53,"{kubernetes-metrics-scraper-55bc8b9b54-m4zhb"": {""bytes"": 13381632.0",0.0,8163.51,"{kubernetes-metrics-scraper-55bc8b9b54-m4zhb"": {""read_bytes_per_sec"": 0.0"
1786049779.3850288,node-0,0.37,"{speaker-kxvm6"": 0.03",0.5,"{speaker-kxvm6"": {""bytes"": 29581312.0",0.0,0.0,"{calico-node-c6csm"": {""read_bytes_per_sec"": 0.0"
1786049779.5818646,node-1,0.95,"{prometheus-prometheus-node-exporter-l65bs"": 0.02",0.79,"{prometheus-prometheus-node-exporter-l65bs"": {""bytes"": 18161664.0",0.0,63167.83,"{calico-node-jp6xs"": {""read_bytes_per_sec"": 0.0"
1786049780.1231625,node-2,0.21,"{kubernetes-metrics-scraper-55bc8b9b54-m4zhb"": 0.0",0.53,"{kubernetes-metrics-scraper-55bc8b9b54-m4zhb"": {""bytes"": 13381632.0",0.0,8163.51,"{kubernetes-metrics-scraper-55bc8b9b54-m4zhb"": {""read_bytes_per_sec"": 0.0"
1786049780.389235,node-0,0.37,"{speaker-kxvm6"": 0.03",0.5,"{speaker-kxvm6"": {""bytes"": 29581312.0",0.0,0.0,"{calico-node-c6csm"": {""read_bytes_per_sec"": 0.0"
1786049780.5862896,node-1,0.95,"{prometheus-prometheus-node-exporter-l65bs"": 0.02",0.79,"{prometheus-prometheus-node-exporter-l65bs"": {""bytes"": 18161664.0",0.0,63167.83,"{calico-node-jp6xs"": {""read_bytes_per_sec"": 0.0"
1786049781.1283288,node-2,0.21,"{kubernetes-metrics-scraper-55bc8b9b54-m4zhb"": 0.0",0.53,"{kubernetes-metrics-scraper-55bc8b9b54-m4zhb"": {""bytes"": 13381632.0",0.0,8163.51,"{kubernetes-metrics-scraper-55bc8b9b54-m4zhb"": {""read_bytes_per_sec"": 0.0"
1786049781.3931625,node-0,0.37,"{speaker-kxvm6"": 0.03",0.5,"{speaker-kxvm6"": {""bytes"": 29581312.0",0.0,0.0,"{calico-node-c6csm"": {""read_bytes_per_sec"": 0.0"
1786049781.5908306,node-1,0.95,"{prometheus-prometheus-node-exporter-l65bs"": 0.02",0.79,"{prometheus-prometheus-node-exporter-l65bs"": {""bytes"": 18161664.0",0.0,63167.83,"{calico-node-jp6xs"": {""read_bytes_per_sec"": 0.0"
1786049782.133361,node-2,0.21,"{kubernetes-metrics-scraper-55bc8b9b54-m4zhb"": 0.0",0.53,"{kubernetes-metrics-scraper-55bc8b9b54-m4zhb"": {""bytes"": 13381632.0",0.0,8163.51,"{kubernetes-metrics-scraper-55bc8b9b54-m4zhb"": {""read_bytes_per_sec"": 0.0"
1786049782.397362,node-0,0.37,"{speaker-kxvm6"": 0.03",0.5,"{speaker-kxvm6"": {""bytes"": 29581312.0",0.0,0.0,"{calico-node-c6csm"": {""read_bytes_per_sec"": 0.0"
1786049782.595502,node-1,0.95,"{prometheus-prometheus-node-exporter-l65bs"": 0.02",0.79,"{prometheus-prometheus-node-exporter-l65bs"": {""bytes"": 18161664.0",0.0,63167.83,"{calico-node-jp6xs"": {""read_bytes_per_sec"": 0.0"
1786049783.1386542,node-2,0.21,"{kubernetes-metrics-scraper-55bc8b9b54-m4zhb"": 0.0",0.53,"{kubernetes-metrics-scraper-55bc8b9b54-m4zhb"": {""bytes"": 13381632.0",0.0,8163.51,"{kubernetes-metrics-scraper-55bc8b9b54-m4zhb"": {""read_bytes_per_sec"": 0.0"
1786049783.4011219,node-0,0.37,"{speaker-kxvm6"": 0.03",0.5,"{speaker-kxvm6"": {""bytes"": 29581312.0",0.0,0.0,"{calico-node-c6csm"": {""read_bytes_per_sec"": 0.0"
1786049783.600053,node-1,0.95,"{prometheus-prometheus-node-exporter-l65bs"": 0.02",0.79,"{prometheus-prometheus-node-exporter-l65bs"": {""bytes"": 18161664.0",0.0,63167.83,"{calico-node-jp6xs"": {""read_bytes_per_sec"": 0.0"
1786049784.1433666,node-2,0.21,"{kubernetes-metrics-scraper-55bc8b9b54-m4zhb"": 0.0",0.53,"{kubernetes-metrics-scraper-55bc8b9b54-m4zhb"": {""bytes"": 13381632.0",0.0,8163.51,"{kubernetes-metrics-scraper-55bc8b9b54-m4zhb"": {""read_bytes_per_sec"": 0.0"
1786049784.4051323,node-0,0.37,"{speaker-kxvm6"": 0.03",0.5,"{speaker-kxvm6"": {""bytes"": 29581312.0",0.0,0.0,"{calico-node-c6csm"": {""read_bytes_per_sec"": 0.0"
1786049784.6045659,node-1,0.95,"{prometheus-prometheus-node-exporter-l65bs"": 0.02",0.79,"{prometheus-prometheus-node-exporter-l65bs"": {""bytes"": 18161664.0",0.0,63167.83,"{calico-node-jp6xs"": {""read_bytes_per_sec"": 0.0"
1786049785.147732,node-2,0.21,"{kubernetes-metrics-scraper-55bc8b9b54-m4zhb"": 0.0",0.53,"{kubernetes-metrics-scraper-55bc8b9b54-m4zhb"": {""bytes"": 13381632.0",0.0,8163.51,"{kubernetes-metrics-scraper-55bc8b9b54-m4zhb"": {""read_bytes_per_sec"": 0.0"
1786049785.409202,node-0,0.37,"{speaker-kxvm6"": 0.03",0.5,"{speaker-kxvm6"": {""bytes"": 29581312.0",0.0,0.0,"{calico-node-c6csm"": {""read_bytes_per_sec"": 0.0"
1786049785.609975,node-1,0.95,"{prometheus-prometheus-node-exporter-l65bs"": 0.02",0.79,"{prometheus-prometheus-node-exporter-l65bs"": {""bytes"": 18161664.0",0.0,63167.83,"{calico-node-jp6xs"": {""read_bytes_per_sec"": 0.0"
1786049786.1524646,node-2,0.21,"{kubernetes-metrics-scraper-55bc8b9b54-m4zhb"": 0.0",0.53,"{kubernetes-metrics-scraper-55bc8b9b54-m4zhb"": {""bytes"": 13381632.0",0.0,8163.51,"{kubernetes-metrics-scraper-55bc8b9b54-m4zhb"": {""read_bytes_per_sec"": 0.0"
1786049786.4131265,node-0,0.37,"{speaker-kxvm6"": 0.03",0.5,"{speaker-kxvm6"": {""bytes"": 29581312.0",0.0,0.0,"{calico-node-c6csm"": {""read_bytes_per_sec"": 0.0"
1786049786.6145768,node-1,0.95,"{prometheus-prometheus-node-exporter-l65bs"": 0.02",0.79,"{prometheus-prometheus-node-exporter-l65bs"": {""bytes"": 18161664.0",0.0,63167.83,"{calico-node-jp6xs"": {""read_bytes_per_sec"": 0.0"
1786049787.1571865,node-2,0.21,"{kubernetes-metrics-scraper-55bc8b9b54-m4zhb"": 0.0",0.53,"{kubernetes-metrics-scraper-55bc8b9b54-m4zhb"": {""bytes"": 13381632.0",0.0,8163.51,"{kubernetes-metrics-scraper-55bc8b9b54-m4zhb"": {""read_bytes_per_sec"": 0.0"
1786049787.416916,node-0,0.34,"{speaker-kxvm6"": 0.03",0.5,"{speaker-kxvm6"": {""bytes"": 29380608.0",0.0,0.0,"{calico-node-c6csm"": {""read_bytes_per_sec"": 0.0"
1786049787.619181,node-1,0.95,"{prometheus-prometheus-node-exporter-l65bs"": 0.02",0.79,"{prometheus-prometheus-node-exporter-l65bs"": {""bytes"": 18161664.0",0.0,63167.83,"{calico-node-jp6xs"": {""read_bytes_per_sec"": 0.0"
1786049788.1624062,node-2,0.21,"{kubernetes-metrics-scraper-55bc8b9b54-m4zhb"": 0.0",0.53,"{kubernetes-metrics-scraper-55bc8b9b54-m4zhb"": {""bytes"": 13381632.0",0.0,8163.51,"{kubernetes-metrics-scraper-55bc8b9b54-m4zhb"": {""read_bytes_per_sec"": 0.0"
1786049788.4207602,node-0,0.34,"{speaker-kxvm6"": 0.03",0.5,"{speaker-kxvm6"": {""bytes"": 29380608.0",0.0,0.0,"{calico-node-c6csm"": {""read_bytes_per_sec"": 0.0"
1786049788.6234741,node-1,0.96,"{prometheus-prometheus-node-exporter-l65bs"": 0.02",0.79,"{prometheus-prometheus-node-exporter-l65bs"": {""bytes"": 18161664.0",0.0,65773.98,"{calico-node-jp6xs"": {""read_bytes_per_sec"": 0.0"
1786049789.167374,node-2,0.23,"{kubernetes-metrics-scraper-55bc8b9b54-m4zhb"": 0.0",0.52,"{kubernetes-metrics-scraper-55bc8b9b54-m4zhb"": {""bytes"": 13381632.0",0.0,0.0,"{kubernetes-metrics-scraper-55bc8b9b54-m4zhb"": {""read_bytes_per_sec"": 0.0"
1786049789.4250345,node-0,0.34,"{speaker-kxvm6"": 0.03",0.5,"{speaker-kxvm6"": {""bytes"": 29380608.0",0.0,0.0,"{calico-node-c6csm"": {""read_bytes_per_sec"": 0.0"
1786049789.6278439,node-1,0.96,"{prometheus-prometheus-node-exporter-l65bs"": 0.02",0.79,"{prometheus-prometheus-node-exporter-l65bs"": {""bytes"": 18161664.0",0.0,65773.98,"{calico-node-jp6xs"": {""read_bytes_per_sec"": 0.0"
1786049790.172175,node-2,0.23,"{kubernetes-metrics-scraper-55bc8b9b54-m4zhb"": 0.0",0.52,"{kubernetes-metrics-scraper-55bc8b9b54-m4zhb"": {""bytes"": 13381632.0",0.0,0.0,"{kubernetes-metrics-scraper-55bc8b9b54-m4zhb"": {""read_bytes_per_sec"": 0.0"
1786049790.4290195,node-0,0.34,"{speaker-kxvm6"": 0.03",0.5,"{speaker-kxvm6"": {""bytes"": 29380608.0",0.0,0.0,"{calico-node-c6csm"": {""read_bytes_per_sec"": 0.0"
1786049790.6322737,node-1,0.96,"{prometheus-prometheus-node-exporter-l65bs"": 0.02",0.79,"{prometheus-prometheus-node-exporter-l65bs"": {""bytes"": 18161664.0",0.0,65773.98,"{calico-node-jp6xs"": {""read_bytes_per_sec"": 0.0"
1786049791.1770594,node-2,0.23,"{kubernetes-metrics-scraper-55bc8b9b54-m4zhb"": 0.0",0.52,"{kubernetes-metrics-scraper-55bc8b9b54-m4zhb"": {""bytes"": 13381632.0",0.0,0.0,"{kubernetes-metrics-scraper-55bc8b9b54-m4zhb"": {""read_bytes_per_sec"": 0.0"
1786049791.4331079,node-0,0.34,"{speaker-kxvm6"": 0.03",0.5,"{speaker-kxvm6"": {""bytes"": 29380608.0",0.0,0.0,"{calico-node-c6csm"": {""read_bytes_per_sec"": 0.0"
1786049791.636854,node-1,0.96,"{prometheus-prometheus-node-exporter-l65bs"": 0.02",0.79,"{prometheus-prometheus-node-exporter-l65bs"": {""bytes"": 18161664.0",0.0,65773.98,"{calico-node-jp6xs"": {""read_bytes_per_sec"": 0.0"
1786049792.1819015,node-2,0.23,"{kubernetes-metrics-scraper-55bc8b9b54-m4zhb"": 0.0",0.52,"{kubernetes-metrics-scraper-55bc8b9b54-m4zhb"": {""bytes"": 13381632.0",0.0,0.0,"{kubernetes-metrics-scraper-55bc8b9b54-m4zhb"": {""read_bytes_per_sec"": 0.0"
1786049792.4370906,node-0,0.34,"{speaker-kxvm6"": 0.03",0.5,"{speaker-kxvm6"": {""bytes"": 29380608.0",0.0,0.0,"{calico-node-c6csm"": {""read_bytes_per_sec"": 0.0"
1786049792.6418028,node-1,0.96,"{prometheus-prometheus-node-exporter-l65bs"": 0.02",0.79,"{prometheus-prometheus-node-exporter-l65bs"": {""bytes"": 18161664.0",0.0,65773.98,"{calico-node-jp6xs"": {""read_bytes_per_sec"": 0.0"
1786049793.188976,node-2,0.23,"{kubernetes-metrics-scraper-55bc8b9b54-m4zhb"": 0.0",0.52,"{kubernetes-metrics-scraper-55bc8b9b54-m4zhb"": {""bytes"": 13381632.0",0.0,0.0,"{kubernetes-metrics-scraper-55bc8b9b54-m4zhb"": {""read_bytes_per_sec"": 0.0"
1786049793.4419289,node-0,0.34,"{speaker-kxvm6"": 0.03",0.5,"{speaker-kxvm6"": {""bytes"": 29380608.0",0.0,0.0,"{calico-node-c6csm"": {""read_bytes_per_sec"": 0.0"
1786049793.6466596,node-1,0.96,"{prometheus-prometheus-node-exporter-l65bs"": 0.02",0.79,"{prometheus-prometheus-node-exporter-l65bs"": {""bytes"": 18161664.0",0.0,65773.98,"{calico-node-jp6xs"": {""read_bytes_per_sec"": 0.0"
1786049794.1945639,node-2,0.23,"{kubernetes-metrics-scraper-55bc8b9b54-m4zhb"": 0.0",0.52,"{kubernetes-metrics-scraper-55bc8b9b54-m4zhb"": {""bytes"": 13381632.0",0.0,0.0,"{kubernetes-metrics-scraper-55bc8b9b54-m4zhb"": {""read_bytes_per_sec"": 0.0"
1786049794.4470057,node-0,0.34,"{speaker-kxvm6"": 0.03",0.5,"{speaker-kxvm6"": {""bytes"": 29380608.0",0.0,0.0,"{calico-node-c6csm"": {""read_bytes_per_sec"": 0.0"
1786049794.6569676,node-1,0.96,"{prometheus-prometheus-node-exporter-l65bs"": 0.02",0.79,"{prometheus-prometheus-node-exporter-l65bs"": {""bytes"": 18161664.0",0.0,65773.98,"{calico-node-jp6xs"": {""read_bytes_per_sec"": 0.0"
1786049795.199307,node-2,0.23,"{kubernetes-metrics-scraper-55bc8b9b54-m4zhb"": 0.0",0.52,"{kubernetes-metrics-scraper-55bc8b9b54-m4zhb"": {""bytes"": 13381632.0",0.0,0.0,"{kubernetes-metrics-scraper-55bc8b9b54-m4zhb"": {""read_bytes_per_sec"": 0.0"
1786049795.4513829,node-0,0.34,"{speaker-kxvm6"": 0.03",0.5,"{speaker-kxvm6"": {""bytes"": 29380608.0",0.0,0.0,"{calico-node-c6csm"": {""read_bytes_per_sec"": 0.0"
1786049795.66181,node-1,0.96,"{prometheus-prometheus-node-exporter-l65bs"": 0.02",0.79,"{prometheus-prometheus-node-exporter-l65bs"": {""bytes"": 18161664.0",0.0,65773.98,"{calico-node-jp6xs"": {""read_bytes_per_sec"": 0.0"
1786049796.2043567,node-2,0.23,"{kubernetes-metrics-scraper-55bc8b9b54-m4zhb"": 0.0",0.52,"{kubernetes-metrics-scraper-55bc8b9b54-m4zhb"": {""bytes"": 13381632.0",0.0,0.0,"{kubernetes-metrics-scraper-55bc8b9b54-m4zhb"": {""read_bytes_per_sec"": 0.0"
1786049796.4555502,node-0,0.34,"{speaker-kxvm6"": 0.03",0.5,"{speaker-kxvm6"": {""bytes"": 29380608.0",0.0,0.0,"{calico-node-c6csm"": {""read_bytes_per_sec"": 0.0"
1786049796.6664455,node-1,0.96,"{prometheus-prometheus-node-exporter-l65bs"": 0.02",0.79,"{prometheus-prometheus-node-exporter-l65bs"": {""bytes"": 18161664.0",0.0,65773.98,"{calico-node-jp6xs"": {""read_bytes_per_sec"": 0.0"
1786049797.2091029,node-2,0.23,"{kubernetes-metrics-scraper-55bc8b9b54-m4zhb"": 0.0",0.52,"{kubernetes-metrics-scraper-55bc8b9b54-m4zhb"": {""bytes"": 13381632.0",0.0,0.0,"{kubernetes-metrics-scraper-55bc8b9b54-m4zhb"": {""read_bytes_per_sec"": 0.0"
1786049797.4595711,node-0,0.4,"{speaker-kxvm6"": 0.03",0.5,"{speaker-kxvm6"": {""bytes"": 29380608.0",0.0,0.0,"{calico-node-c6csm"": {""read_bytes_per_sec"": 0.0"
1786049797.67117,node-1,0.96,"{prometheus-prometheus-node-exporter-l65bs"": 0.02",0.79,"{prometheus-prometheus-node-exporter-l65bs"": {""bytes"": 18161664.0",0.0,65773.98,"{calico-node-jp6xs"": {""read_bytes_per_sec"": 0.0"
1786049798.2147367,node-2,0.23,"{kubernetes-metrics-scraper-55bc8b9b54-m4zhb"": 0.0",0.52,"{kubernetes-metrics-scraper-55bc8b9b54-m4zhb"": {""bytes"": 13381632.0",0.0,0.0,"{kubernetes-metrics-scraper-55bc8b9b54-m4zhb"": {""read_bytes_per_sec"": 0.0"
1786049798.4640298,node-0,0.4,"{speaker-kxvm6"": 0.03",0.5,"{speaker-kxvm6"": {""bytes"": 29380608.0",0.0,0.0,"{calico-node-c6csm"": {""read_bytes_per_sec"": 0.0"
1786049798.6764078,node-1,0.69,"{prometheus-prometheus-node-exporter-l65bs"": 0.0",0.79,"{prometheus-prometheus-node-exporter-l65bs"": {""bytes"": 18034688.0",0.0,7827.55,"{calico-node-jp6xs"": {""read_bytes_per_sec"": 0.0"
1786049799.219483,node-2,0.29,"{kubernetes-metrics-scraper-55bc8b9b54-m4zhb"": 0.0",0.52,"{kubernetes-metrics-scraper-55bc8b9b54-m4zhb"": {""bytes"": 13410304.0",0.0,19392.35,"{kubernetes-metrics-scraper-55bc8b9b54-m4zhb"": {""read_bytes_per_sec"": 0.0"
1786049799.4682722,node-0,0.4,"{speaker-kxvm6"": 0.03",0.5,"{speaker-kxvm6"": {""bytes"": 29380608.0",0.0,0.0,"{calico-node-c6csm"": {""read_bytes_per_sec"": 0.0"
1786049799.6810043,node-1,0.69,"{prometheus-prometheus-node-exporter-l65bs"": 0.0",0.79,"{prometheus-prometheus-node-exporter-l65bs"": {""bytes"": 18034688.0",0.0,7827.55,"{calico-node-jp6xs"": {""read_bytes_per_sec"": 0.0"
1786049800.2240503,node-2,0.29,"{kubernetes-metrics-scraper-55bc8b9b54-m4zhb"": 0.0",0.52,"{kubernetes-metrics-scraper-55bc8b9b54-m4zhb"": {""bytes"": 13410304.0",0.0,19392.35,"{kubernetes-metrics-scraper-55bc8b9b54-m4zhb"": {""read_bytes_per_sec"": 0.0"
1786049800.4723642,node-0,0.4,"{speaker-kxvm6"": 0.03",0.5,"{speaker-kxvm6"": {""bytes"": 29380608.0",0.0,0.0,"{calico-node-c6csm"": {""read_bytes_per_sec"": 0.0"
1786049800.68607,node-1,0.69,"{prometheus-prometheus-node-exporter-l65bs"": 0.0",0.79,"{prometheus-prometheus-node-exporter-l65bs"": {""bytes"": 18034688.0",0.0,7827.55,"{calico-node-jp6xs"": {""read_bytes_per_sec"": 0.0"
1786049801.2287636,node-2,0.29,"{kubernetes-metrics-scraper-55bc8b9b54-m4zhb"": 0.0",0.52,"{kubernetes-metrics-scraper-55bc8b9b54-m4zhb"": {""bytes"": 13410304.0",0.0,19392.35,"{kubernetes-metrics-scraper-55bc8b9b54-m4zhb"": {""read_bytes_per_sec"": 0.0"
1786049801.4767158,node-0,0.4,"{speaker-kxvm6"": 0.03",0.5,"{speaker-kxvm6"": {""bytes"": 29380608.0",0.0,0.0,"{calico-node-c6csm"": {""read_bytes_per_sec"": 0.0"
1786049801.690428,node-1,0.69,"{prometheus-prometheus-node-exporter-l65bs"": 0.0",0.79,"{prometheus-prometheus-node-exporter-l65bs"": {""bytes"": 18034688.0",0.0,7827.55,"{calico-node-jp6xs"": {""read_bytes_per_sec"": 0.0"
1786049802.2334046,node-2,0.29,"{kubernetes-metrics-scraper-55bc8b9b54-m4zhb"": 0.0",0.52,"{kubernetes-metrics-scraper-55bc8b9b54-m4zhb"": {""bytes"": 13410304.0",0.0,19392.35,"{kubernetes-metrics-scraper-55bc8b9b54-m4zhb"": {""read_bytes_per_sec"": 0.0"
1786049802.480753,node-0,0.4,"{speaker-kxvm6"": 0.03",0.5,"{speaker-kxvm6"": {""bytes"": 29380608.0",0.0,0.0,"{calico-node-c6csm"": {""read_bytes_per_sec"": 0.0"
1786049802.6961868,node-1,0.69,"{prometheus-prometheus-node-exporter-l65bs"": 0.0",0.79,"{prometheus-prometheus-node-exporter-l65bs"": {""bytes"": 18034688.0",0.0,7827.55,"{calico-node-jp6xs"": {""read_bytes_per_sec"": 0.0"
1786049803.2385914,node-2,0.29,"{kubernetes-metrics-scraper-55bc8b9b54-m4zhb"": 0.0",0.52,"{kubernetes-metrics-scraper-55bc8b9b54-m4zhb"": {""bytes"": 13410304.0",0.0,19392.35,"{kubernetes-metrics-scraper-55bc8b9b54-m4zhb"": {""read_bytes_per_sec"": 0.0"
1786049803.4850228,node-0,0.4,"{speaker-kxvm6"": 0.03",0.5,"{speaker-kxvm6"": {""bytes"": 29380608.0",0.0,0.0,"{calico-node-c6csm"": {""read_bytes_per_sec"": 0.0"
1786049803.7008207,node-1,0.69,"{prometheus-prometheus-node-exporter-l65bs"": 0.0",0.79,"{prometheus-prometheus-node-exporter-l65bs"": {""bytes"": 18034688.0",0.0,7827.55,"{calico-node-jp6xs"": {""read_bytes_per_sec"": 0.0"
1786049804.2427769,node-2,0.29,"{kubernetes-metrics-scraper-55bc8b9b54-m4zhb"": 0.0",0.52,"{kubernetes-metrics-scraper-55bc8b9b54-m4zhb"": {""bytes"": 13410304.0",0.0,19392.35,"{kubernetes-metrics-scraper-55bc8b9b54-m4zhb"": {""read_bytes_per_sec"": 0.0"
1786049804.4891522,node-0,0.4,"{speaker-kxvm6"": 0.03",0.5,"{speaker-kxvm6"": {""bytes"": 29380608.0",0.0,0.0,"{calico-node-c6csm"": {""read_bytes_per_sec"": 0.0"
1786049804.7059882,node-1,0.69,"{prometheus-prometheus-node-exporter-l65bs"": 0.0",0.79,"{prometheus-prometheus-node-exporter-l65bs"": {""bytes"": 18034688.0",0.0,7827.55,"{calico-node-jp6xs"": {""read_bytes_per_sec"": 0.0"
1786049805.2486033,node-2,0.29,"{kubernetes-metrics-scraper-55bc8b9b54-m4zhb"": 0.0",0.52,"{kubernetes-metrics-scraper-55bc8b9b54-m4zhb"": {""bytes"": 13410304.0",0.0,19392.35,"{kubernetes-metrics-scraper-55bc8b9b54-m4zhb"": {""read_bytes_per_sec"": 0.0"
1786049805.494021,node-0,0.4,"{speaker-kxvm6"": 0.03",0.5,"{speaker-kxvm6"": {""bytes"": 29380608.0",0.0,0.0,"{calico-node-c6csm"": {""read_bytes_per_sec"": 0.0"
1786049805.7112482,node-1,0.69,"{prometheus-prometheus-node-exporter-l65bs"": 0.0",0.79,"{prometheus-prometheus-node-exporter-l65bs"": {""bytes"": 18034688.0",0.0,7827.55,"{calico-node-jp6xs"": {""read_bytes_per_sec"": 0.0"
1786049806.2544017,node-2,0.29,"{kubernetes-metrics-scraper-55bc8b9b54-m4zhb"": 0.0",0.52,"{kubernetes-metrics-scraper-55bc8b9b54-m4zhb"": {""bytes"": 13410304.0",0.0,19392.35,"{kubernetes-metrics-scraper-55bc8b9b54-m4zhb"": {""read_bytes_per_sec"": 0.0"
1786049806.503486,node-0,0.4,"{speaker-kxvm6"": 0.03",0.5,"{speaker-kxvm6"": {""bytes"": 29380608.0",0.0,0.0,"{calico-node-c6csm"": {""read_bytes_per_sec"": 0.0"
1786049806.71599,node-1,0.69,"{prometheus-prometheus-node-exporter-l65bs"": 0.0",0.79,"{prometheus-prometheus-node-exporter-l65bs"": {""bytes"": 18034688.0",0.0,7827.55,"{calico-node-jp6xs"": {""read_bytes_per_sec"": 0.0"
1786049807.25931,node-2,0.29,"{kubernetes-metrics-scraper-55bc8b9b54-m4zhb"": 0.0",0.52,"{kubernetes-metrics-scraper-55bc8b9b54-m4zhb"": {""bytes"": 13410304.0",0.0,19392.35,"{kubernetes-metrics-scraper-55bc8b9b54-m4zhb"": {""read_bytes_per_sec"": 0.0"
1786049807.5077748,node-0,0.39,"{speaker-kxvm6"": 0.03",0.49,"{speaker-kxvm6"": {""bytes"": 29700096.0",0.0,0.0,"{calico-node-c6csm"": {""read_bytes_per_sec"": 0.0"
1786049807.7203014,node-1,0.69,"{prometheus-prometheus-node-exporter-l65bs"": 0.0",0.79,"{prometheus-prometheus-node-exporter-l65bs"": {""bytes"": 18034688.0",0.0,7827.55,"{calico-node-jp6xs"": {""read_bytes_per_sec"": 0.0"
1786049808.2649505,node-2,0.29,"{kubernetes-metrics-scraper-55bc8b9b54-m4zhb"": 0.0",0.52,"{kubernetes-metrics-scraper-55bc8b9b54-m4zhb"": {""bytes"": 13410304.0",0.0,19392.35,"{kubernetes-metrics-scraper-55bc8b9b54-m4zhb"": {""read_bytes_per_sec"": 0.0"
1786049808.5122225,node-0,0.39,"{speaker-kxvm6"": 0.03",0.49,"{speaker-kxvm6"": {""bytes"": 29700096.0",0.0,0.0,"{calico-node-c6csm"": {""read_bytes_per_sec"": 0.0"
1786049808.725007,node-1,0.69,"{prometheus-prometheus-node-exporter-l65bs"": 0.0",0.79,"{prometheus-prometheus-node-exporter-l65bs"": {""bytes"": 18034688.0",0.0,2390.57,"{calico-node-jp6xs"": {""read_bytes_per_sec"": 0.0"
1786049809.269857,node-2,0.25,"{kubernetes-metrics-scraper-55bc8b9b54-m4zhb"": 0.0",0.52,"{kubernetes-metrics-scraper-55bc8b9b54-m4zhb"": {""bytes"": 13410304.0",0.0,20847.41,"{kubernetes-metrics-scraper-55bc8b9b54-m4zhb"": {""read_bytes_per_sec"": 0.0"
1786049809.5167568,node-0,0.39,"{speaker-kxvm6"": 0.03",0.49,"{speaker-kxvm6"": {""bytes"": 29700096.0",0.0,0.0,"{calico-node-c6csm"": {""read_bytes_per_sec"": 0.0"
1786049809.7292671,node-1,0.69,"{prometheus-prometheus-node-exporter-l65bs"": 0.0",0.79,"{prometheus-prometheus-node-exporter-l65bs"": {""bytes"": 18034688.0",0.0,2390.57,"{calico-node-jp6xs"": {""read_bytes_per_sec"": 0.0"
1786049810.2746208,node-2,0.25,"{kubernetes-metrics-scraper-55bc8b9b54-m4zhb"": 0.0",0.52,"{kubernetes-metrics-scraper-55bc8b9b54-m4zhb"": {""bytes"": 13410304.0",0.0,20847.41,"{kubernetes-metrics-scraper-55bc8b9b54-m4zhb"": {""read_bytes_per_sec"": 0.0"
1786049810.520687,node-0,0.39,"{speaker-kxvm6"": 0.03",0.49,"{speaker-kxvm6"": {""bytes"": 29700096.0",0.0,0.0,"{calico-node-c6csm"": {""read_bytes_per_sec"": 0.0"
1786049810.7332451,node-1,0.69,"{prometheus-prometheus-node-exporter-l65bs"": 0.0",0.79,"{prometheus-prometheus-node-exporter-l65bs"": {""bytes"": 18034688.0",0.0,2390.57,"{calico-node-jp6xs"": {""read_bytes_per_sec"": 0.0"
1786049811.2794092,node-2,0.25,"{kubernetes-metrics-scraper-55bc8b9b54-m4zhb"": 0.0",0.52,"{kubernetes-metrics-scraper-55bc8b9b54-m4zhb"": {""bytes"": 13410304.0",0.0,20847.41,"{kubernetes-metrics-scraper-55bc8b9b54-m4zhb"": {""read_bytes_per_sec"": 0.0"
1786049811.5242558,node-0,0.39,"{speaker-kxvm6"": 0.03",0.49,"{speaker-kxvm6"": {""bytes"": 29700096.0",0.0,0.0,"{calico-node-c6csm"": {""read_bytes_per_sec"": 0.0"
1786049811.7381806,node-1,0.69,"{prometheus-prometheus-node-exporter-l65bs"": 0.0",0.79,"{prometheus-prometheus-node-exporter-l65bs"": {""bytes"": 18034688.0",0.0,2390.57,"{calico-node-jp6xs"": {""read_bytes_per_sec"": 0.0"
1786049812.284149,node-2,0.25,"{kubernetes-metrics-scraper-55bc8b9b54-m4zhb"": 0.0",0.52,"{kubernetes-metrics-scraper-55bc8b9b54-m4zhb"": {""bytes"": 13410304.0",0.0,20847.41,"{kubernetes-metrics-scraper-55bc8b9b54-m4zhb"": {""read_bytes_per_sec"": 0.0"
1786049812.5288572,node-0,0.39,"{speaker-kxvm6"": 0.03",0.49,"{speaker-kxvm6"": {""bytes"": 29700096.0",0.0,0.0,"{calico-node-c6csm"": {""read_bytes_per_sec"": 0.0"
1786049812.743983,node-1,0.69,"{prometheus-prometheus-node-exporter-l65bs"": 0.0",0.79,"{prometheus-prometheus-node-exporter-l65bs"": {""bytes"": 18034688.0",0.0,2390.57,"{calico-node-jp6xs"": {""read_bytes_per_sec"": 0.0"
1786049813.2895374,node-2,0.25,"{kubernetes-metrics-scraper-55bc8b9b54-m4zhb"": 0.0",0.52,"{kubernetes-metrics-scraper-55bc8b9b54-m4zhb"": {""bytes"": 13410304.0",0.0,20847.41,"{kubernetes-metrics-scraper-55bc8b9b54-m4zhb"": {""read_bytes_per_sec"": 0.0"
1786049813.5331235,node-0,0.39,"{speaker-kxvm6"": 0.03",0.49,"{speaker-kxvm6"": {""bytes"": 29700096.0",0.0,0.0,"{calico-node-c6csm"": {""read_bytes_per_sec"": 0.0"
1786049813.748932,node-1,0.69,"{prometheus-prometheus-node-exporter-l65bs"": 0.0",0.79,"{prometheus-prometheus-node-exporter-l65bs"": {""bytes"": 18034688.0",0.0,2390.57,"{calico-node-jp6xs"": {""read_bytes_per_sec"": 0.0"
1786049814.2986825,node-2,0.25,"{kubernetes-metrics-scraper-55bc8b9b54-m4zhb"": 0.0",0.52,"{kubernetes-metrics-scraper-55bc8b9b54-m4zhb"": {""bytes"": 13410304.0",0.0,20847.41,"{kubernetes-metrics-scraper-55bc8b9b54-m4zhb"": {""read_bytes_per_sec"": 0.0"
1786049814.5373955,node-0,0.39,"{speaker-kxvm6"": 0.03",0.49,"{speaker-kxvm6"": {""bytes"": 29700096.0",0.0,0.0,"{calico-node-c6csm"": {""read_bytes_per_sec"": 0.0"
1786049814.752711,node-1,0.69,"{prometheus-prometheus-node-exporter-l65bs"": 0.0",0.79,"{prometheus-prometheus-node-exporter-l65bs"": {""bytes"": 18034688.0",0.0,2390.57,"{calico-node-jp6xs"": {""read_bytes_per_sec"": 0.0"
1786049815.3038344,node-2,0.25,"{kubernetes-metrics-scraper-55bc8b9b54-m4zhb"": 0.0",0.52,"{kubernetes-metrics-scraper-55bc8b9b54-m4zhb"": {""bytes"": 13410304.0",0.0,20847.41,"{kubernetes-metrics-scraper-55bc8b9b54-m4zhb"": {""read_bytes_per_sec"": 0.0"
1786049815.542298,node-0,0.39,"{speaker-kxvm6"": 0.03",0.49,"{speaker-kxvm6"": {""bytes"": 29700096.0",0.0,0.0,"{calico-node-c6csm"": {""read_bytes_per_sec"": 0.0"
1786049815.75721,node-1,0.69,"{prometheus-prometheus-node-exporter-l65bs"": 0.0",0.79,"{prometheus-prometheus-node-exporter-l65bs"": {""bytes"": 18034688.0",0.0,2390.57,"{calico-node-jp6xs"": {""read_bytes_per_sec"": 0.0"
1786049816.3085916,node-2,0.25,"{kubernetes-metrics-scraper-55bc8b9b54-m4zhb"": 0.0",0.52,"{kubernetes-metrics-scraper-55bc8b9b54-m4zhb"": {""bytes"": 13410304.0",0.0,20847.41,"{kubernetes-metrics-scraper-55bc8b9b54-m4zhb"": {""read_bytes_per_sec"": 0.0"
1786049816.5465047,node-0,0.39,"{speaker-kxvm6"": 0.03",0.49,"{speaker-kxvm6"": {""bytes"": 29700096.0",0.0,0.0,"{calico-node-c6csm"": {""read_bytes_per_sec"": 0.0"
1786049816.7619357,node-1,0.69,"{prometheus-prometheus-node-exporter-l65bs"": 0.0",0.79,"{prometheus-prometheus-node-exporter-l65bs"": {""bytes"": 18034688.0",0.0,2390.57,"{calico-node-jp6xs"": {""read_bytes_per_sec"": 0.0"
1786049817.313529,node-2,0.25,"{kubernetes-metrics-scraper-55bc8b9b54-m4zhb"": 0.0",0.52,"{kubernetes-metrics-scraper-55bc8b9b54-m4zhb"": {""bytes"": 13410304.0",0.0,20847.41,"{kubernetes-metrics-scraper-55bc8b9b54-m4zhb"": {""read_bytes_per_sec"": 0.0"
1786049817.5506442,node-0,0.29,"{speaker-kxvm6"": 0.03",0.49,"{speaker-kxvm6"": {""bytes"": 30367744.0",0.0,0.0,"{calico-node-c6csm"": {""read_bytes_per_sec"": 0.0"
1786049817.766526,node-1,0.69,"{prometheus-prometheus-node-exporter-l65bs"": 0.0",0.79,"{prometheus-prometheus-node-exporter-l65bs"": {""bytes"": 18034688.0",0.0,2390.57,"{calico-node-jp6xs"": {""read_bytes_per_sec"": 0.0"
1786049818.3182607,node-2,0.25,"{kubernetes-metrics-scraper-55bc8b9b54-m4zhb"": 0.0",0.52,"{kubernetes-metrics-scraper-55bc8b9b54-m4zhb"": {""bytes"": 13410304.0",0.0,20847.41,"{kubernetes-metrics-scraper-55bc8b9b54-m4zhb"": {""read_bytes_per_sec"": 0.0"
1786049818.5548856,node-0,0.29,"{speaker-kxvm6"": 0.03",0.49,"{speaker-kxvm6"": {""bytes"": 30367744.0",0.0,0.0,"{calico-node-c6csm"": {""read_bytes_per_sec"": 0.0"
1786049818.7714176,node-1,0.85,"{prometheus-prometheus-node-exporter-l65bs"": 0.02",0.79,"{prometheus-prometheus-node-exporter-l65bs"": {""bytes"": 17207296.0",0.0,51569.14,"{calico-node-jp6xs"": {""read_bytes_per_sec"": 0.0"
1786049819.3227038,node-2,0.25,"{kubernetes-metrics-scraper-55bc8b9b54-m4zhb"": 0.0",0.53,"{kubernetes-metrics-scraper-55bc8b9b54-m4zhb"": {""bytes"": 13537280.0",0.0,2856.65,"{kubernetes-metrics-scraper-55bc8b9b54-m4zhb"": {""read_bytes_per_sec"": 0.0"
1786049819.559391,node-0,0.29,"{speaker-kxvm6"": 0.03",0.49,"{speaker-kxvm6"": {""bytes"": 30367744.0",0.0,0.0,"{calico-node-c6csm"": {""read_bytes_per_sec"": 0.0"
1786049819.775908,node-1,0.85,"{prometheus-prometheus-node-exporter-l65bs"": 0.02",0.79,"{prometheus-prometheus-node-exporter-l65bs"": {""bytes"": 17207296.0",0.0,51569.14,"{calico-node-jp6xs"": {""read_bytes_per_sec"": 0.0"
1786049820.3276532,node-2,0.25,"{kubernetes-metrics-scraper-55bc8b9b54-m4zhb"": 0.0",0.53,"{kubernetes-metrics-scraper-55bc8b9b54-m4zhb"": {""bytes"": 13537280.0",0.0,2856.65,"{kubernetes-metrics-scraper-55bc8b9b54-m4zhb"": {""read_bytes_per_sec"": 0.0"
1786049820.563447,node-0,0.29,"{speaker-kxvm6"": 0.03",0.49,"{speaker-kxvm6"": {""bytes"": 30367744.0",0.0,0.0,"{calico-node-c6csm"": {""read_bytes_per_sec"": 0.0"
1786049820.7797537,node-1,0.85,"{prometheus-prometheus-node-exporter-l65bs"": 0.02",0.79,"{prometheus-prometheus-node-exporter-l65bs"": {""bytes"": 17207296.0",0.0,51569.14,"{calico-node-jp6xs"": {""read_bytes_per_sec"": 0.0"
1786049821.3325987,node-2,0.25,"{kubernetes-metrics-scraper-55bc8b9b54-m4zhb"": 0.0",0.53,"{kubernetes-metrics-scraper-55bc8b9b54-m4zhb"": {""bytes"": 13537280.0",0.0,2856.65,"{kubernetes-metrics-scraper-55bc8b9b54-m4zhb"": {""read_bytes_per_sec"": 0.0"
1786049821.5676825,node-0,0.29,"{speaker-kxvm6"": 0.03",0.49,"{speaker-kxvm6"": {""bytes"": 30367744.0",0.0,0.0,"{calico-node-c6csm"": {""read_bytes_per_sec"": 0.0"
1786049821.7842972,node-1,0.85,"{prometheus-prometheus-node-exporter-l65bs"": 0.02",0.79,"{prometheus-prometheus-node-exporter-l65bs"": {""bytes"": 17207296.0",0.0,51569.14,"{calico-node-jp6xs"": {""read_bytes_per_sec"": 0.0"
1786049822.3417575,node-2,0.25,"{kubernetes-metrics-scraper-55bc8b9b54-m4zhb"": 0.0",0.53,"{kubernetes-metrics-scraper-55bc8b9b54-m4zhb"": {""bytes"": 13537280.0",0.0,2856.65,"{kubernetes-metrics-scraper-55bc8b9b54-m4zhb"": {""read_bytes_per_sec"": 0.0"
1786049822.5717783,node-0,0.29,"{speaker-kxvm6"": 0.03",0.49,"{speaker-kxvm6"": {""bytes"": 30367744.0",0.0,0.0,"{calico-node-c6csm"": {""read_bytes_per_sec"": 0.0"
1786049822.7888398,node-1,0.85,"{prometheus-prometheus-node-exporter-l65bs"": 0.02",0.79,"{prometheus-prometheus-node-exporter-l65bs"": {""bytes"": 17207296.0",0.0,51569.14,"{calico-node-jp6xs"": {""read_bytes_per_sec"": 0.0"
1786049823.346706,node-2,0.25,"{kubernetes-metrics-scraper-55bc8b9b54-m4zhb"": 0.0",0.53,"{kubernetes-metrics-scraper-55bc8b9b54-m4zhb"": {""bytes"": 13537280.0",0.0,2856.65,"{kubernetes-metrics-scraper-55bc8b9b54-m4zhb"": {""read_bytes_per_sec"": 0.0"
1786049823.5759318,node-0,0.29,"{speaker-kxvm6"": 0.03",0.49,"{speaker-kxvm6"": {""bytes"": 30367744.0",0.0,0.0,"{calico-node-c6csm"": {""read_bytes_per_sec"": 0.0"
1786049823.7934153,node-1,0.85,"{prometheus-prometheus-node-exporter-l65bs"": 0.02",0.79,"{prometheus-prometheus-node-exporter-l65bs"": {""bytes"": 17207296.0",0.0,51569.14,"{calico-node-jp6xs"": {""read_bytes_per_sec"": 0.0"
1786049824.351257,node-2,0.25,"{kubernetes-metrics-scraper-55bc8b9b54-m4zhb"": 0.0",0.53,"{kubernetes-metrics-scraper-55bc8b9b54-m4zhb"": {""bytes"": 13537280.0",0.0,2856.65,"{kubernetes-metrics-scraper-55bc8b9b54-m4zhb"": {""read_bytes_per_sec"": 0.0"
1786049824.5799515,node-0,0.29,"{speaker-kxvm6"": 0.03",0.49,"{speaker-kxvm6"": {""bytes"": 30367744.0",0.0,0.0,"{calico-node-c6csm"": {""read_bytes_per_sec"": 0.0"
1786049824.7983956,node-1,0.85,"{prometheus-prometheus-node-exporter-l65bs"": 0.02",0.79,"{prometheus-prometheus-node-exporter-l65bs"": {""bytes"": 17207296.0",0.0,51569.14,"{calico-node-jp6xs"": {""read_bytes_per_sec"": 0.0"
1786049825.3558736,node-2,0.25,"{kubernetes-metrics-scraper-55bc8b9b54-m4zhb"": 0.0",0.53,"{kubernetes-metrics-scraper-55bc8b9b54-m4zhb"": {""bytes"": 13537280.0",0.0,2856.65,"{kubernetes-metrics-scraper-55bc8b9b54-m4zhb"": {""read_bytes_per_sec"": 0.0"
1786049825.5840116,node-0,0.29,"{speaker-kxvm6"": 0.03",0.49,"{speaker-kxvm6"": {""bytes"": 30367744.0",0.0,0.0,"{calico-node-c6csm"": {""read_bytes_per_sec"": 0.0"
1786049825.802957,node-1,0.85,"{prometheus-prometheus-node-exporter-l65bs"": 0.02",0.79,"{prometheus-prometheus-node-exporter-l65bs"": {""bytes"": 17207296.0",0.0,51569.14,"{calico-node-jp6xs"": {""read_bytes_per_sec"": 0.0"
1786049826.3606358,node-2,0.25,"{kubernetes-metrics-scraper-55bc8b9b54-m4zhb"": 0.0",0.53,"{kubernetes-metrics-scraper-55bc8b9b54-m4zhb"": {""bytes"": 13537280.0",0.0,2856.65,"{kubernetes-metrics-scraper-55bc8b9b54-m4zhb"": {""read_bytes_per_sec"": 0.0"
1786049826.5886018,node-0,0.29,"{speaker-kxvm6"": 0.03",0.49,"{speaker-kxvm6"": {""bytes"": 30367744.0",0.0,0.0,"{calico-node-c6csm"": {""read_bytes_per_sec"": 0.0"
1786049826.8138027,node-1,0.85,"{prometheus-prometheus-node-exporter-l65bs"": 0.02",0.79,"{prometheus-prometheus-node-exporter-l65bs"": {""bytes"": 17207296.0",0.0,51569.14,"{calico-node-jp6xs"": {""read_bytes_per_sec"": 0.0"
1786049827.3653321,node-2,0.25,"{kubernetes-metrics-scraper-55bc8b9b54-m4zhb"": 0.0",0.53,"{kubernetes-metrics-scraper-55bc8b9b54-m4zhb"": {""bytes"": 13537280.0",0.0,2856.65,"{kubernetes-metrics-scraper-55bc8b9b54-m4zhb"": {""read_bytes_per_sec"": 0.0"
1786049827.5922024,node-0,0.42,"{speaker-kxvm6"": 0.04",0.49,"{speaker-kxvm6"": {""bytes"": 30527488.0",0.0,0.0,"{calico-node-c6csm"": {""read_bytes_per_sec"": 0.0"
1786049827.818345,node-1,0.85,"{prometheus-prometheus-node-exporter-l65bs"": 0.02",0.79,"{prometheus-prometheus-node-exporter-l65bs"": {""bytes"": 17207296.0",0.0,51569.14,"{calico-node-jp6xs"": {""read_bytes_per_sec"": 0.0"
1786049828.370239,node-2,0.25,"{kubernetes-metrics-scraper-55bc8b9b54-m4zhb"": 0.0",0.53,"{kubernetes-metrics-scraper-55bc8b9b54-m4zhb"": {""bytes"": 13537280.0",0.0,2856.65,"{kubernetes-metrics-scraper-55bc8b9b54-m4zhb"": {""read_bytes_per_sec"": 0.0"
1786049828.5965898,node-0,0.42,"{speaker-kxvm6"": 0.04",0.49,"{speaker-kxvm6"": {""bytes"": 30527488.0",0.0,0.0,"{calico-node-c6csm"": {""read_bytes_per_sec"": 0.0"
1786049828.8231328,node-1,1.0,"{prometheus-prometheus-node-exporter-l65bs"": 0.0",0.78,"{prometheus-prometheus-node-exporter-l65bs"": {""bytes"": 17084416.0",0.0,3063.93,"{calico-node-jp6xs"": {""read_bytes_per_sec"": 0.0"
1786049829.3751166,node-2,0.26,"{kubernetes-metrics-scraper-55bc8b9b54-m4zhb"": 0.0",0.53,"{kubernetes-metrics-scraper-55bc8b9b54-m4zhb"": {""bytes"": 13537280.0",0.0,13243.36,"{kubernetes-metrics-scraper-55bc8b9b54-m4zhb"": {""read_bytes_per_sec"": 0.0"
1786049829.6005638,node-0,0.42,"{speaker-kxvm6"": 0.04",0.49,"{speaker-kxvm6"": {""bytes"": 30527488.0",0.0,0.0,"{calico-node-c6csm"": {""read_bytes_per_sec"": 0.0"
1786049829.827034,node-1,1.0,"{prometheus-prometheus-node-exporter-l65bs"": 0.0",0.78,"{prometheus-prometheus-node-exporter-l65bs"": {""bytes"": 17084416.0",0.0,3063.93,"{calico-node-jp6xs"": {""read_bytes_per_sec"": 0.0"
1786049830.3803232,node-2,0.26,"{kubernetes-metrics-scraper-55bc8b9b54-m4zhb"": 0.0",0.53,"{kubernetes-metrics-scraper-55bc8b9b54-m4zhb"": {""bytes"": 13537280.0",0.0,13243.36,"{kubernetes-metrics-scraper-55bc8b9b54-m4zhb"": {""read_bytes_per_sec"": 0.0"
1786049830.60453,node-0,0.42,"{speaker-kxvm6"": 0.04",0.49,"{speaker-kxvm6"": {""bytes"": 30527488.0",0.0,0.0,"{calico-node-c6csm"": {""read_bytes_per_sec"": 0.0"
1786049830.8318412,node-1,1.0,"{prometheus-prometheus-node-exporter-l65bs"": 0.0",0.78,"{prometheus-prometheus-node-exporter-l65bs"": {""bytes"": 17084416.0",0.0,3063.93,"{calico-node-jp6xs"": {""read_bytes_per_sec"": 0.0"
1786049831.3852782,node-2,0.26,"{kubernetes-metrics-scraper-55bc8b9b54-m4zhb"": 0.0",0.53,"{kubernetes-metrics-scraper-55bc8b9b54-m4zhb"": {""bytes"": 13537280.0",0.0,13243.36,"{kubernetes-metrics-scraper-55bc8b9b54-m4zhb"": {""read_bytes_per_sec"": 0.0"
1786049831.608807,node-0,0.42,"{speaker-kxvm6"": 0.04",0.49,"{speaker-kxvm6"": {""bytes"": 30527488.0",0.0,0.0,"{calico-node-c6csm"": {""read_bytes_per_sec"": 0.0"
1786049831.8362947,node-1,1.0,"{prometheus-prometheus-node-exporter-l65bs"": 0.0",0.78,"{prometheus-prometheus-node-exporter-l65bs"": {""bytes"": 17084416.0",0.0,3063.93,"{calico-node-jp6xs"": {""read_bytes_per_sec"": 0.0"
1786049832.3892317,node-2,0.26,"{kubernetes-metrics-scraper-55bc8b9b54-m4zhb"": 0.0",0.53,"{kubernetes-metrics-scraper-55bc8b9b54-m4zhb"": {""bytes"": 13537280.0",0.0,13243.36,"{kubernetes-metrics-scraper-55bc8b9b54-m4zhb"": {""read_bytes_per_sec"": 0.0"
1786049832.6134827,node-0,0.42,"{speaker-kxvm6"": 0.04",0.49,"{speaker-kxvm6"": {""bytes"": 30527488.0",0.0,0.0,"{calico-node-c6csm"": {""read_bytes_per_sec"": 0.0"
1786049832.841569,node-1,1.0,"{prometheus-prometheus-node-exporter-l65bs"": 0.0",0.78,"{prometheus-prometheus-node-exporter-l65bs"": {""bytes"": 17084416.0",0.0,3063.93,"{calico-node-jp6xs"": {""read_bytes_per_sec"": 0.0"
1786049833.395172,node-2,0.26,"{kubernetes-metrics-scraper-55bc8b9b54-m4zhb"": 0.0",0.53,"{kubernetes-metrics-scraper-55bc8b9b54-m4zhb"": {""bytes"": 13537280.0",0.0,13243.36,"{kubernetes-metrics-scraper-55bc8b9b54-m4zhb"": {""read_bytes_per_sec"": 0.0"
1786049833.6187189,node-0,0.42,"{speaker-kxvm6"": 0.04",0.49,"{speaker-kxvm6"": {""bytes"": 30527488.0",0.0,0.0,"{calico-node-c6csm"": {""read_bytes_per_sec"": 0.0"
1786049833.8469014,node-1,1.0,"{prometheus-prometheus-node-exporter-l65bs"": 0.0",0.78,"{prometheus-prometheus-node-exporter-l65bs"": {""bytes"": 17084416.0",0.0,3063.93,"{calico-node-jp6xs"": {""read_bytes_per_sec"": 0.0"
1786049834.4012616,node-2,0.26,"{kubernetes-metrics-scraper-55bc8b9b54-m4zhb"": 0.0",0.53,"{kubernetes-metrics-scraper-55bc8b9b54-m4zhb"": {""bytes"": 13537280.0",0.0,13243.36,"{kubernetes-metrics-scraper-55bc8b9b54-m4zhb"": {""read_bytes_per_sec"": 0.0"
1786049834.6236708,node-0,0.42,"{speaker-kxvm6"": 0.04",0.49,"{speaker-kxvm6"": {""bytes"": 30527488.0",0.0,0.0,"{calico-node-c6csm"": {""read_bytes_per_sec"": 0.0"
1786049834.8513527,node-1,1.0,"{prometheus-prometheus-node-exporter-l65bs"": 0.0",0.78,"{prometheus-prometheus-node-exporter-l65bs"": {""bytes"": 17084416.0",0.0,3063.93,"{calico-node-jp6xs"": {""read_bytes_per_sec"": 0.0"
1786049835.4060626,node-2,0.26,"{kubernetes-metrics-scraper-55bc8b9b54-m4zhb"": 0.0",0.53,"{kubernetes-metrics-scraper-55bc8b9b54-m4zhb"": {""bytes"": 13537280.0",0.0,13243.36,"{kubernetes-metrics-scraper-55bc8b9b54-m4zhb"": {""read_bytes_per_sec"": 0.0"
1786049835.6280644,node-0,0.42,"{speaker-kxvm6"": 0.04",0.49,"{speaker-kxvm6"": {""bytes"": 30527488.0",0.0,0.0,"{calico-node-c6csm"": {""read_bytes_per_sec"": 0.0"
1786049835.8559403,node-1,1.0,"{prometheus-prometheus-node-exporter-l65bs"": 0.0",0.78,"{prometheus-prometheus-node-exporter-l65bs"": {""bytes"": 17084416.0",0.0,3063.93,"{calico-node-jp6xs"": {""read_bytes_per_sec"": 0.0"
1786049836.4107437,node-2,0.26,"{kubernetes-metrics-scraper-55bc8b9b54-m4zhb"": 0.0",0.53,"{kubernetes-metrics-scraper-55bc8b9b54-m4zhb"": {""bytes"": 13537280.0",0.0,13243.36,"{kubernetes-metrics-scraper-55bc8b9b54-m4zhb"": {""read_bytes_per_sec"": 0.0"
1786049836.6324098,node-0,0.42,"{speaker-kxvm6"": 0.04",0.49,"{speaker-kxvm6"": {""bytes"": 30527488.0",0.0,0.0,"{calico-node-c6csm"": {""read_bytes_per_sec"": 0.0"
1786049836.8603907,node-1,1.0,"{prometheus-prometheus-node-exporter-l65bs"": 0.0",0.78,"{prometheus-prometheus-node-exporter-l65bs"": {""bytes"": 17084416.0",0.0,3063.93,"{calico-node-jp6xs"": {""read_bytes_per_sec"": 0.0"
1786049837.415511,node-2,0.26,"{kubernetes-metrics-scraper-55bc8b9b54-m4zhb"": 0.0",0.53,"{kubernetes-metrics-scraper-55bc8b9b54-m4zhb"": {""bytes"": 13537280.0",0.0,13243.36,"{kubernetes-metrics-scraper-55bc8b9b54-m4zhb"": {""read_bytes_per_sec"": 0.0"
1786049837.6365683,node-0,0.35,"{speaker-kxvm6"": 0.04",0.49,"{speaker-kxvm6"": {""bytes"": 30527488.0",0.0,0.0,"{calico-node-c6csm"": {""read_bytes_per_sec"": 0.0"
1786049837.8639789,node-1,1.0,"{prometheus-prometheus-node-exporter-l65bs"": 0.0",0.78,"{prometheus-prometheus-node-exporter-l65bs"": {""bytes"": 17084416.0",0.0,3063.93,"{calico-node-jp6xs"": {""read_bytes_per_sec"": 0.0"
1786049838.4205196,node-2,0.26,"{kubernetes-metrics-scraper-55bc8b9b54-m4zhb"": 0.0",0.53,"{kubernetes-metrics-scraper-55bc8b9b54-m4zhb"": {""bytes"": 13537280.0",0.0,13243.36,"{kubernetes-metrics-scraper-55bc8b9b54-m4zhb"": {""read_bytes_per_sec"": 0.0"
1786049838.6409395,node-0,0.35,"{speaker-kxvm6"": 0.04",0.49,"{speaker-kxvm6"": {""bytes"": 30527488.0",0.0,0.0,"{calico-node-c6csm"": {""read_bytes_per_sec"": 0.0"
1786049838.8684752,node-1,1.02,"{prometheus-prometheus-node-exporter-l65bs"": 0.0",0.78,"{prometheus-prometheus-node-exporter-l65bs"": {""bytes"": 17084416.0",0.0,3063.93,"{calico-node-jp6xs"": {""read_bytes_per_sec"": 0.0"
1786049839.4254708,node-2,0.2,"{kubernetes-metrics-scraper-55bc8b9b54-m4zhb"": 0.0",0.52,"{kubernetes-metrics-scraper-55bc8b9b54-m4zhb"": {""bytes"": 13279232.0",0.0,4324.56,"{kubernetes-metrics-scraper-55bc8b9b54-m4zhb"": {""read_bytes_per_sec"": 0.0"
1786049839.645153,node-0,0.35,"{speaker-kxvm6"": 0.04",0.49,"{speaker-kxvm6"": {""bytes"": 30527488.0",0.0,0.0,"{calico-node-c6csm"": {""read_bytes_per_sec"": 0.0"
1786049839.8730125,node-1,1.02,"{prometheus-prometheus-node-exporter-l65bs"": 0.0",0.78,"{prometheus-prometheus-node-exporter-l65bs"": {""bytes"": 17084416.0",0.0,3063.93,"{calico-node-jp6xs"": {""read_bytes_per_sec"": 0.0"
1786049840.4301105,node-2,0.2,"{kubernetes-metrics-scraper-55bc8b9b54-m4zhb"": 0.0",0.52,"{kubernetes-metrics-scraper-55bc8b9b54-m4zhb"": {""bytes"": 13279232.0",0.0,4324.56,"{kubernetes-metrics-scraper-55bc8b9b54-m4zhb"": {""read_bytes_per_sec"": 0.0"
1786049840.6496027,node-0,0.35,"{speaker-kxvm6"": 0.04",0.49,"{speaker-kxvm6"": {""bytes"": 30527488.0",0.0,0.0,"{calico-node-c6csm"": {""read_bytes_per_sec"": 0.0"
1786049840.8782752,node-1,1.02,"{prometheus-prometheus-node-exporter-l65bs"": 0.0",0.78,"{prometheus-prometheus-node-exporter-l65bs"": {""bytes"": 17084416.0",0.0,3063.93,"{calico-node-jp6xs"": {""read_bytes_per_sec"": 0.0"
1786049841.4349685,node-2,0.2,"{kubernetes-metrics-scraper-55bc8b9b54-m4zhb"": 0.0",0.52,"{kubernetes-metrics-scraper-55bc8b9b54-m4zhb"": {""bytes"": 13279232.0",0.0,4324.56,"{kubernetes-metrics-scraper-55bc8b9b54-m4zhb"": {""read_bytes_per_sec"": 0.0"
1786049841.6540713,node-0,0.35,"{speaker-kxvm6"": 0.04",0.49,"{speaker-kxvm6"": {""bytes"": 30527488.0",0.0,0.0,"{calico-node-c6csm"": {""read_bytes_per_sec"": 0.0"
1786049841.8834233,node-1,1.02,"{prometheus-prometheus-node-exporter-l65bs"": 0.0",0.78,"{prometheus-prometheus-node-exporter-l65bs"": {""bytes"": 17084416.0",0.0,3063.93,"{calico-node-jp6xs"": {""read_bytes_per_sec"": 0.0"
1786049842.4398098,node-2,0.2,"{kubernetes-metrics-scraper-55bc8b9b54-m4zhb"": 0.0",0.52,"{kubernetes-metrics-scraper-55bc8b9b54-m4zhb"": {""bytes"": 13279232.0",0.0,4324.56,"{kubernetes-metrics-scraper-55bc8b9b54-m4zhb"": {""read_bytes_per_sec"": 0.0"
1786049842.671641,node-0,0.35,"{speaker-kxvm6"": 0.04",0.49,"{speaker-kxvm6"": {""bytes"": 30527488.0",0.0,0.0,"{calico-node-c6csm"": {""read_bytes_per_sec"": 0.0"
1786049842.889174,node-1,1.02,"{prometheus-prometheus-node-exporter-l65bs"": 0.0",0.78,"{prometheus-prometheus-node-exporter-l65bs"": {""bytes"": 17084416.0",0.0,3063.93,"{calico-node-jp6xs"": {""read_bytes_per_sec"": 0.0"
1786049843.4459958,node-2,0.2,"{kubernetes-metrics-scraper-55bc8b9b54-m4zhb"": 0.0",0.52,"{kubernetes-metrics-scraper-55bc8b9b54-m4zhb"": {""bytes"": 13279232.0",0.0,4324.56,"{kubernetes-metrics-scraper-55bc8b9b54-m4zhb"": {""read_bytes_per_sec"": 0.0"
1786049843.6758072,node-0,0.35,"{speaker-kxvm6"": 0.04",0.49,"{speaker-kxvm6"": {""bytes"": 30527488.0",0.0,0.0,"{calico-node-c6csm"": {""read_bytes_per_sec"": 0.0"
1786049843.8939013,node-1,1.02,"{prometheus-prometheus-node-exporter-l65bs"": 0.0",0.78,"{prometheus-prometheus-node-exporter-l65bs"": {""bytes"": 17084416.0",0.0,3063.93,"{calico-node-jp6xs"": {""read_bytes_per_sec"": 0.0"
1786049844.4507217,node-2,0.2,"{kubernetes-metrics-scraper-55bc8b9b54-m4zhb"": 0.0",0.52,"{kubernetes-metrics-scraper-55bc8b9b54-m4zhb"": {""bytes"": 13279232.0",0.0,4324.56,"{kubernetes-metrics-scraper-55bc8b9b54-m4zhb"": {""read_bytes_per_sec"": 0.0"
1786049844.6793456,node-0,0.35,"{speaker-kxvm6"": 0.04",0.49,"{speaker-kxvm6"": {""bytes"": 30527488.0",0.0,0.0,"{calico-node-c6csm"": {""read_bytes_per_sec"": 0.0"
1786049844.8975198,node-1,1.02,"{prometheus-prometheus-node-exporter-l65bs"": 0.0",0.78,"{prometheus-prometheus-node-exporter-l65bs"": {""bytes"": 17084416.0",0.0,3063.93,"{calico-node-jp6xs"": {""read_bytes_per_sec"": 0.0"
1786049845.4559495,node-2,0.2,"{kubernetes-metrics-scraper-55bc8b9b54-m4zhb"": 0.0",0.52,"{kubernetes-metrics-scraper-55bc8b9b54-m4zhb"": {""bytes"": 13279232.0",0.0,4324.56,"{kubernetes-metrics-scraper-55bc8b9b54-m4zhb"": {""read_bytes_per_sec"": 0.0"
1786049845.683479,node-0,0.35,"{speaker-kxvm6"": 0.04",0.49,"{speaker-kxvm6"": {""bytes"": 30527488.0",0.0,0.0,"{calico-node-c6csm"": {""read_bytes_per_sec"": 0.0"
1786049845.901959,node-1,1.02,"{prometheus-prometheus-node-exporter-l65bs"": 0.0",0.78,"{prometheus-prometheus-node-exporter-l65bs"": {""bytes"": 17084416.0",0.0,3063.93,"{calico-node-jp6xs"": {""read_bytes_per_sec"": 0.0"
1786049846.4610655,node-2,0.2,"{kubernetes-metrics-scraper-55bc8b9b54-m4zhb"": 0.0",0.52,"{kubernetes-metrics-scraper-55bc8b9b54-m4zhb"": {""bytes"": 13279232.0",0.0,4324.56,"{kubernetes-metrics-scraper-55bc8b9b54-m4zhb"": {""read_bytes_per_sec"": 0.0"
1786049846.6876569,node-0,0.35,"{speaker-kxvm6"": 0.04",0.49,"{speaker-kxvm6"": {""bytes"": 30527488.0",0.0,0.0,"{calico-node-c6csm"": {""read_bytes_per_sec"": 0.0"
1786049846.9064722,node-1,1.02,"{prometheus-prometheus-node-exporter-l65bs"": 0.0",0.78,"{prometheus-prometheus-node-exporter-l65bs"": {""bytes"": 17084416.0",0.0,3063.93,"{calico-node-jp6xs"": {""read_bytes_per_sec"": 0.0"
1786049847.4660828,node-2,0.2,"{kubernetes-metrics-scraper-55bc8b9b54-m4zhb"": 0.0",0.52,"{kubernetes-metrics-scraper-55bc8b9b54-m4zhb"": {""bytes"": 13279232.0",0.0,4324.56,"{kubernetes-metrics-scraper-55bc8b9b54-m4zhb"": {""read_bytes_per_sec"": 0.0"
1786049847.6919024,node-0,0.32,"{speaker-kxvm6"": 0.03",0.49,"{speaker-kxvm6"": {""bytes"": 31293440.0",0.0,0.0,"{calico-node-c6csm"": {""read_bytes_per_sec"": 0.0"
1786049847.911042,node-1,1.02,"{prometheus-prometheus-node-exporter-l65bs"": 0.0",0.78,"{prometheus-prometheus-node-exporter-l65bs"": {""bytes"": 17084416.0",0.0,3063.93,"{calico-node-jp6xs"": {""read_bytes_per_sec"": 0.0"
1786049848.47069,node-2,0.2,"{kubernetes-metrics-scraper-55bc8b9b54-m4zhb"": 0.0",0.52,"{kubernetes-metrics-scraper-55bc8b9b54-m4zhb"": {""bytes"": 13279232.0",0.0,4324.56,"{kubernetes-metrics-scraper-55bc8b9b54-m4zhb"": {""read_bytes_per_sec"": 0.0"
1786049848.6962528,node-0,0.32,"{speaker-kxvm6"": 0.03",0.49,"{speaker-kxvm6"": {""bytes"": 31293440.0",0.0,0.0,"{calico-node-c6csm"": {""read_bytes_per_sec"": 0.0"
1786049848.9157617,node-1,0.53,"{prometheus-prometheus-node-exporter-l65bs"": 0.02",0.78,"{prometheus-prometheus-node-exporter-l65bs"": {""bytes"": 16986112.0",0.0,66089.66,"{calico-node-jp6xs"": {""read_bytes_per_sec"": 0.0"
1786049849.475832,node-2,0.24,"{kubernetes-metrics-scraper-55bc8b9b54-m4zhb"": 0.0",0.52,"{kubernetes-metrics-scraper-55bc8b9b54-m4zhb"": {""bytes"": 13283328.0",0.0,16786.89,"{kubernetes-metrics-scraper-55bc8b9b54-m4zhb"": {""read_bytes_per_sec"": 0.0"
1786049849.7006876,node-0,0.32,"{speaker-kxvm6"": 0.03",0.49,"{speaker-kxvm6"": {""bytes"": 31293440.0",0.0,0.0,"{calico-node-c6csm"": {""read_bytes_per_sec"": 0.0"
1786049849.9202485,node-1,0.53,"{prometheus-prometheus-node-exporter-l65bs"": 0.02",0.78,"{prometheus-prometheus-node-exporter-l65bs"": {""bytes"": 16986112.0",0.0,66089.66,"{calico-node-jp6xs"": {""read_bytes_per_sec"": 0.0"
1786049850.4816713,node-2,0.24,"{kubernetes-metrics-scraper-55bc8b9b54-m4zhb"": 0.0",0.52,"{kubernetes-metrics-scraper-55bc8b9b54-m4zhb"": {""bytes"": 13283328.0",0.0,16786.89,"{kubernetes-metrics-scraper-55bc8b9b54-m4zhb"": {""read_bytes_per_sec"": 0.0"
1786049850.707274,node-0,0.32,"{speaker-kxvm6"": 0.03",0.49,"{speaker-kxvm6"": {""bytes"": 31293440.0",0.0,0.0,"{calico-node-c6csm"": {""read_bytes_per_sec"": 0.0"
1786049850.924989,node-1,0.53,"{prometheus-prometheus-node-exporter-l65bs"": 0.02",0.78,"{prometheus-prometheus-node-exporter-l65bs"": {""bytes"": 16986112.0",0.0,66089.66,"{calico-node-jp6xs"": {""read_bytes_per_sec"": 0.0"
1786049851.4867935,node-2,0.24,"{kubernetes-metrics-scraper-55bc8b9b54-m4zhb"": 0.0",0.52,"{kubernetes-metrics-scraper-55bc8b9b54-m4zhb"": {""bytes"": 13283328.0",0.0,16786.89,"{kubernetes-metrics-scraper-55bc8b9b54-m4zhb"": {""read_bytes_per_sec"": 0.0"
1786049851.7118077,node-0,0.32,"{speaker-kxvm6"": 0.03",0.49,"{speaker-kxvm6"": {""bytes"": 31293440.0",0.0,0.0,"{calico-node-c6csm"": {""read_bytes_per_sec"": 0.0"
1786049851.9295754,node-1,0.53,"{prometheus-prometheus-node-exporter-l65bs"": 0.02",0.78,"{prometheus-prometheus-node-exporter-l65bs"": {""bytes"": 16986112.0",0.0,66089.66,"{calico-node-jp6xs"": {""read_bytes_per_sec"": 0.0"
1786049852.49146,node-2,0.24,"{kubernetes-metrics-scraper-55bc8b9b54-m4zhb"": 0.0",0.52,"{kubernetes-metrics-scraper-55bc8b9b54-m4zhb"": {""bytes"": 13283328.0",0.0,16786.89,"{kubernetes-metrics-scraper-55bc8b9b54-m4zhb"": {""read_bytes_per_sec"": 0.0"
1786049852.7156463,node-0,0.32,"{speaker-kxvm6"": 0.03",0.49,"{speaker-kxvm6"": {""bytes"": 31293440.0",0.0,0.0,"{calico-node-c6csm"": {""read_bytes_per_sec"": 0.0"
1786049852.934082,node-1,0.53,"{prometheus-prometheus-node-exporter-l65bs"": 0.02",0.78,"{prometheus-prometheus-node-exporter-l65bs"": {""bytes"": 16986112.0",0.0,66089.66,"{calico-node-jp6xs"": {""read_bytes_per_sec"": 0.0"
1786049853.496656,node-2,0.24,"{kubernetes-metrics-scraper-55bc8b9b54-m4zhb"": 0.0",0.52,"{kubernetes-metrics-scraper-55bc8b9b54-m4zhb"": {""bytes"": 13283328.0",0.0,16786.89,"{kubernetes-metrics-scraper-55bc8b9b54-m4zhb"": {""read_bytes_per_sec"": 0.0"
1786049853.720205,node-0,0.32,"{speaker-kxvm6"": 0.03",0.49,"{speaker-kxvm6"": {""bytes"": 31293440.0",0.0,0.0,"{calico-node-c6csm"": {""read_bytes_per_sec"": 0.0"
1786049853.9386747,node-1,0.53,"{prometheus-prometheus-node-exporter-l65bs"": 0.02",0.78,"{prometheus-prometheus-node-exporter-l65bs"": {""bytes"": 16986112.0",0.0,66089.66,"{calico-node-jp6xs"": {""read_bytes_per_sec"": 0.0"
1786049854.5016415,node-2,0.24,"{kubernetes-metrics-scraper-55bc8b9b54-m4zhb"": 0.0",0.52,"{kubernetes-metrics-scraper-55bc8b9b54-m4zhb"": {""bytes"": 13283328.0",0.0,16786.89,"{kubernetes-metrics-scraper-55bc8b9b54-m4zhb"": {""read_bytes_per_sec"": 0.0"
1786049854.7241797,node-0,0.32,"{speaker-kxvm6"": 0.03",0.49,"{speaker-kxvm6"": {""bytes"": 31293440.0",0.0,0.0,"{calico-node-c6csm"": {""read_bytes_per_sec"": 0.0"
1786049854.9432633,node-1,0.53,"{prometheus-prometheus-node-exporter-l65bs"": 0.02",0.78,"{prometheus-prometheus-node-exporter-l65bs"": {""bytes"": 16986112.0",0.0,66089.66,"{calico-node-jp6xs"": {""read_bytes_per_sec"": 0.0"
1786049855.5066235,node-2,0.24,"{kubernetes-metrics-scraper-55bc8b9b54-m4zhb"": 0.0",0.52,"{kubernetes-metrics-scraper-55bc8b9b54-m4zhb"": {""bytes"": 13283328.0",0.0,16786.89,"{kubernetes-metrics-scraper-55bc8b9b54-m4zhb"": {""read_bytes_per_sec"": 0.0"
1786049855.7281675,node-0,0.32,"{speaker-kxvm6"": 0.03",0.49,"{speaker-kxvm6"": {""bytes"": 31293440.0",0.0,0.0,"{calico-node-c6csm"": {""read_bytes_per_sec"": 0.0"
1786049855.9508457,node-1,0.53,"{prometheus-prometheus-node-exporter-l65bs"": 0.02",0.78,"{prometheus-prometheus-node-exporter-l65bs"": {""bytes"": 16986112.0",0.0,66089.66,"{calico-node-jp6xs"": {""read_bytes_per_sec"": 0.0"
1786049856.511706,node-2,0.24,"{kubernetes-metrics-scraper-55bc8b9b54-m4zhb"": 0.0",0.52,"{kubernetes-metrics-scraper-55bc8b9b54-m4zhb"": {""bytes"": 13283328.0",0.0,16786.89,"{kubernetes-metrics-scraper-55bc8b9b54-m4zhb"": {""read_bytes_per_sec"": 0.0"
1786049856.7322478,node-0,0.32,"{speaker-kxvm6"": 0.03",0.49,"{speaker-kxvm6"": {""bytes"": 31293440.0",0.0,0.0,"{calico-node-c6csm"": {""read_bytes_per_sec"": 0.0"
1786049856.9555373,node-1,0.53,"{prometheus-prometheus-node-exporter-l65bs"": 0.02",0.78,"{prometheus-prometheus-node-exporter-l65bs"": {""bytes"": 16986112.0",0.0,66089.66,"{calico-node-jp6xs"": {""read_bytes_per_sec"": 0.0"
1786049857.5166934,node-2,0.24,"{kubernetes-metrics-scraper-55bc8b9b54-m4zhb"": 0.0",0.52,"{kubernetes-metrics-scraper-55bc8b9b54-m4zhb"": {""bytes"": 13283328.0",0.0,16786.89,"{kubernetes-metrics-scraper-55bc8b9b54-m4zhb"": {""read_bytes_per_sec"": 0.0"
1786049857.7366326,node-0,0.39,"{speaker-kxvm6"": 0.03",0.49,"{speaker-kxvm6"": {""bytes"": 31293440.0",0.0,0.0,"{calico-node-c6csm"": {""read_bytes_per_sec"": 0.0"
1786049857.9598014,node-1,0.53,"{prometheus-prometheus-node-exporter-l65bs"": 0.02",0.78,"{prometheus-prometheus-node-exporter-l65bs"": {""bytes"": 16986112.0",0.0,66089.66,"{calico-node-jp6xs"": {""read_bytes_per_sec"": 0.0"
1786049858.521635,node-2,0.24,"{kubernetes-metrics-scraper-55bc8b9b54-m4zhb"": 0.0",0.52,"{kubernetes-metrics-scraper-55bc8b9b54-m4zhb"": {""bytes"": 13283328.0",0.0,16786.89,"{kubernetes-metrics-scraper-55bc8b9b54-m4zhb"": {""read_bytes_per_sec"": 0.0"
1786049858.7409432,node-0,0.39,"{speaker-kxvm6"": 0.03",0.49,"{speaker-kxvm6"": {""bytes"": 31293440.0",0.0,0.0,"{calico-node-c6csm"": {""read_bytes_per_sec"": 0.0"
1786049858.9647877,node-1,0.94,"{prometheus-prometheus-node-exporter-l65bs"": 0.02",0.78,"{prometheus-prometheus-node-exporter-l65bs"": {""bytes"": 16986112.0",0.0,5407.27,"{calico-node-jp6xs"": {""read_bytes_per_sec"": 0.0"
1786049859.5265782,node-2,0.28,"{kubernetes-metrics-scraper-55bc8b9b54-m4zhb"": 0.0",0.52,"{kubernetes-metrics-scraper-55bc8b9b54-m4zhb"": {""bytes"": 13283328.0",0.0,19427.48,"{kubernetes-metrics-scraper-55bc8b9b54-m4zhb"": {""read_bytes_per_sec"": 0.0"
1786049859.746287,node-0,0.39,"{speaker-kxvm6"": 0.03",0.49,"{speaker-kxvm6"": {""bytes"": 31293440.0",0.0,0.0,"{calico-node-c6csm"": {""read_bytes_per_sec"": 0.0"
1786049859.9692712,node-1,0.94,"{prometheus-prometheus-node-exporter-l65bs"": 0.02",0.78,"{prometheus-prometheus-node-exporter-l65bs"": {""bytes"": 16986112.0",0.0,5407.27,"{calico-node-jp6xs"": {""read_bytes_per_sec"": 0.0"
1786049860.5321538,node-2,0.28,"{kubernetes-metrics-scraper-55bc8b9b54-m4zhb"": 0.0",0.52,"{kubernetes-metrics-scraper-55bc8b9b54-m4zhb"": {""bytes"": 13283328.0",0.0,19427.48,"{kubernetes-metrics-scraper-55bc8b9b54-m4zhb"": {""read_bytes_per_sec"": 0.0"
1786049860.750498,node-0,0.39,"{speaker-kxvm6"": 0.03",0.49,"{speaker-kxvm6"": {""bytes"": 31293440.0",0.0,0.0,"{calico-node-c6csm"": {""read_bytes_per_sec"": 0.0"
1786049860.9734805,node-1,0.94,"{prometheus-prometheus-node-exporter-l65bs"": 0.02",0.78,"{prometheus-prometheus-node-exporter-l65bs"": {""bytes"": 16986112.0",0.0,5407.27,"{calico-node-jp6xs"": {""read_bytes_per_sec"": 0.0"
1786049861.5370135,node-2,0.28,"{kubernetes-metrics-scraper-55bc8b9b54-m4zhb"": 0.0",0.52,"{kubernetes-metrics-scraper-55bc8b9b54-m4zhb"": {""bytes"": 13283328.0",0.0,19427.48,"{kubernetes-metrics-scraper-55bc8b9b54-m4zhb"": {""read_bytes_per_sec"": 0.0"
1786049861.7547376,node-0,0.39,"{speaker-kxvm6"": 0.03",0.49,"{speaker-kxvm6"": {""bytes"": 31293440.0",0.0,0.0,"{calico-node-c6csm"": {""read_bytes_per_sec"": 0.0"
1786049861.9790065,node-1,0.94,"{prometheus-prometheus-node-exporter-l65bs"": 0.02",0.78,"{prometheus-prometheus-node-exporter-l65bs"": {""bytes"": 16986112.0",0.0,5407.27,"{calico-node-jp6xs"": {""read_bytes_per_sec"": 0.0"
1786049862.542688,node-2,0.28,"{kubernetes-metrics-scraper-55bc8b9b54-m4zhb"": 0.0",0.52,"{kubernetes-metrics-scraper-55bc8b9b54-m4zhb"": {""bytes"": 13283328.0",0.0,19427.48,"{kubernetes-metrics-scraper-55bc8b9b54-m4zhb"": {""read_bytes_per_sec"": 0.0"
1786049862.7668848,node-0,0.39,"{speaker-kxvm6"": 0.03",0.49,"{speaker-kxvm6"": {""bytes"": 31293440.0",0.0,0.0,"{calico-node-c6csm"": {""read_bytes_per_sec"": 0.0"
1786049862.983641,node-1,0.94,"{prometheus-prometheus-node-exporter-l65bs"": 0.02",0.78,"{prometheus-prometheus-node-exporter-l65bs"": {""bytes"": 16986112.0",0.0,5407.27,"{calico-node-jp6xs"": {""read_bytes_per_sec"": 0.0"
1786049863.5476654,node-2,0.28,"{kubernetes-metrics-scraper-55bc8b9b54-m4zhb"": 0.0",0.52,"{kubernetes-metrics-scraper-55bc8b9b54-m4zhb"": {""bytes"": 13283328.0",0.0,19427.48,"{kubernetes-metrics-scraper-55bc8b9b54-m4zhb"": {""read_bytes_per_sec"": 0.0"
1786049863.7713299,node-0,0.39,"{speaker-kxvm6"": 0.03",0.49,"{speaker-kxvm6"": {""bytes"": 31293440.0",0.0,0.0,"{calico-node-c6csm"": {""read_bytes_per_sec"": 0.0"
1786049863.9880614,node-1,0.94,"{prometheus-prometheus-node-exporter-l65bs"": 0.02",0.78,"{prometheus-prometheus-node-exporter-l65bs"": {""bytes"": 16986112.0",0.0,5407.27,"{calico-node-jp6xs"": {""read_bytes_per_sec"": 0.0"
1786049864.5524557,node-2,0.28,"{kubernetes-metrics-scraper-55bc8b9b54-m4zhb"": 0.0",0.52,"{kubernetes-metrics-scraper-55bc8b9b54-m4zhb"": {""bytes"": 13283328.0",0.0,19427.48,"{kubernetes-metrics-scraper-55bc8b9b54-m4zhb"": {""read_bytes_per_sec"": 0.0"
1786049864.7754457,node-0,0.39,"{speaker-kxvm6"": 0.03",0.49,"{speaker-kxvm6"": {""bytes"": 31293440.0",0.0,0.0,"{calico-node-c6csm"": {""read_bytes_per_sec"": 0.0"
1786049864.9923718,node-1,0.94,"{prometheus-prometheus-node-exporter-l65bs"": 0.02",0.78,"{prometheus-prometheus-node-exporter-l65bs"": {""bytes"": 16986112.0",0.0,5407.27,"{calico-node-jp6xs"": {""read_bytes_per_sec"": 0.0"
